,batch_num,bleu,validation_loss
0,1241,0.2506735386915277,4.63285493850708
