,batch_num,bleu,validation_loss
0,1241,0.0898331602416495,5.333034992218018
1,2482,0.09257608629689346,5.286096572875977
2,3723,0.11563901175143394,5.086900234222412
3,4964,0.12466955298912429,5.041069984436035
4,6205,0.11564282085657768,5.00669002532959
